FULL;PG1;PG2
29.370008;0;0
166.30266;20.68931;20.886352
170.46646;84.82928;84.223352
169.82218;84.209344;84.209344
170.41781;84.905664;84.905664
170.90315;84.94474;85.147472
171.36005;85.476986;85.273952
170.58075;84.684042;84.886152
171.47278;84.720558;85.12689
172.04507;85.311608;84.70224200000001
171.31069;85.249392;85.249392
171.35462;85.372416;85.372416
171.36003;85.17304;85.17304
171.2807;86.360016;21.590004
144.21091;135.7851;0
128.15839;0;0
28.794788;0;0
26.492416;0;0
25.145136;0;0
