FULL;PG1;PG2
32.257804;0;0
161.82978;80.34237399999999;80.34237399999999
164.3668;82.378148;81.793904
164.02704;80.65952399999999;81.239808
164.4924;82.538888;81.953504
165.12232;81.679716;82.267344
165.5851;82.106696;82.106696
165.66451;82.537472;82.537472
165.67826;82.154504;81.958898
165.58848;82.401856;82.59805
165.66859;82.441712;82.245424
165.8081;82.609008;82.215632
166.02112;82.22744;82.619
165.20536;42.103304;83.805624
84.04944;0;0
28.086184;0;0
27.926178;0;0
28.639952;0;0
