FULL;PG1;PG2
32.007404;0;0
166.73146;0;0
169.86848;83.927908;84.330444
170.17746;84.584048;84.78592
171.58829;85.387536;84.777624
171.56003;84.970768;84.970768
171.54256;85.364784;85.364784
171.6553;85.522208;85.522208
171.85123;85.518384;85.518384
171.95254;84.453664;85.062706
172.2042;86.612784;85.99995600000001
172.13019;84.741016;85.352128
172.31866;85.447264;85.447264
172.4759;85.931056;85.931056
152.89587;0;78.69640199999999
43.48086;0;0
27.88983;0;0
27.805156;0;0
