FULL;PG1;PG2
32.017046;0;0
165.95408;82.68452;0
169.82507;84.510104;84.510104
169.97624;84.285744;84.285744
170.07472;84.634336;84.634336
169.70312;84.449424;84.449424
169.52962;84.162214;84.36308
170.0247;84.5105;84.30976
170.04333;84.417246;84.61872
169.91854;84.05650800000001;83.454672
170.47626;85.036144;85.642096
170.63898;84.813438;84.206184
170.14352;84.16566800000001;84.568376
170.04795;64.27649600000001;21.357696
49.461268;0;0
28.388188;0;0
29.067728;0;0
