FULL;PG1;PG2
34.232704;0;0
200.2139;66.633196;49.974897
204.59722;67.768792;135.537584
205.26142;68.257952;136.515904
205.49504;68.33564;136.67128
205.64013;67.465536;136.22848
205.68576;69.05048;136.79811199999997
205.7559;67.770744;136.84476799999996
205.77582;68.429008;136.20632
205.9195;68.153024;135.81924400000003
206.25362;68.642248;137.774798
206.12466;68.27472;136.061766
206.3066;68.605512;137.047678
206.32534;68.557472;137.114944
132.98964;0;0
30.240204;0;0
28.218988;0;0
28.809216;0;0
