FULL;PG1;PG2
34.646956;0;0
196.4374;65.582498;130.544828
200.56581;66.167672;132.970048
201.10262;66.611276;133.22255199999998
201.21376;66.91194;133.82388
201.44568;66.989064;133.978128
201.66336;67.061448;133.643886
201.72747;66.976073;133.792299
201.7288;66.97778;134.114652
201.68829;66.85710900000001;133.554655
201.64427;67.0551;134.1102
201.64576;66.79118;133.58236
201.88698;67.135808;134.271616
201.83739;0;135.420128
163.05427;0;0
33.23647;0;0
28.770384;0;0
28.533556;0;0
