FULL;PG1;PG2
30.477088;0;0
169.62619;0.401956;0.401956
173.66666;86.421792;86.421792
173.99325;86.277648;85.86680000000001
174.5308;86.851816;87.265396
174.60678;86.992704;86.578452
174.59933;86.88592;86.88592
174.78838;86.151616;86.565808
174.78086;87.493616;87.08090800000001
174.7514;86.133384;86.547484
174.88288;87.44144;87.028976
174.89141;86.304656;86.71958000000001
174.99739;87.602;87.18878400000001
171.72139;67.477422;67.90997
113.67987;0;0
29.20798;0;0
28.41044;0;0
28.57683;0;0
