FULL;PG1;PG2
32.046766;0;0
168.04485;84.520768;83.92274800000001
170.71013;84.141488;84.74828
171.00962;84.79816;84.79816
171.28794;85.1372;85.1372
171.02642;85.208888;85.208888
171.36643;85.277136;85.277136
170.86965;84.628832;84.628832
171.50858;85.347864;85.347864
171.56616;85.074128;85.074128
171.46872;85.429256;85.429256
171.84077;85.513176;85.513176
171.78698;85.183624;85.183624
157.70198;95.164992;47.582496
140.1636;30.85362;0
97.88813;0;0
29.38654;0;0
27.961634;0;0
28.169256;0;0
