FULL;PG1;PG2
14.198607;0;0
40.816704;40.228;0
42.325484;41.916544;0
42.42032;41.612312;0
42.33073;41.923704;0
42.36933;41.554536;0
42.400788;41.993088;0
42.36003;41.751992;0
42.340908;41.733144;0
42.378268;41.767044;0
42.3836;41.974096;0
42.35842;41.750404;0
42.35673;41.745813999999996;0
42.326084;41.516012;0
42.37413;42.169424;0
42.355376;41.548608;0
42.31519;41.908316;0
42.37225;41.761108;0
42.321868;41.711456;0
42.356932;41.949652;0
41.6968;0;0
14.274289;0;0
13.875482;0;0
13.865281;0;0
