FULL;PG1;PG2
31.402666;0;0
166.83942;83.122848;83.122848
169.2246;84.11164;83.711108
169.44542;84.321184;84.321184
169.56946;84.28185;84.483
169.27726;84.03976999999999;83.840152
169.54875;83.873584;84.07376
169.72603;84.661912;84.460816
169.7147;84.35404;84.55536
169.56728;83.980004;84.381824
169.66611;84.532584;84.131952
169.81914;84.204504;84.607392
169.64802;84.121314;83.920548
168.69365;86.404064;43.202032
110.87969;0;0
28.895198;0;0
28.243692;0;0
27.981202;0;0
