FULL;PG1;PG2
32.538388;0;0
172.06368;84.919792;42.459896
177.1015;88.13108;88.13108
176.96792;87.752688;87.752688
176.92115;88.041328;88.041328
176.96504;88.063168;88.063168
177.06342;88.112128;87.902336
177.06152;88.215704;88.00566599999999
176.44886;87.392128;87.600204
176.9562;88.163224;87.95330999999999
176.60642;86.637112;87.05363600000001
177.03075;89.040376;88.620372
177.02197;87.252536;87.67202
175.78323;89.165408;44.582704
91.53241;0;0
28.863412;0;0
28.770584;0;0
27.835452;0;0
