FULL;PG1;PG2
32.60785;0;0
163.52677;81.37952;20.34488
166.29608;82.753968;82.753968
166.2553;82.44064;82.44064
166.37408;82.891;82.891
166.4605;82.73776;82.73776
166.37008;82.30113;82.30113
166.45171;82.831424;83.02864
166.56496;82.986096;82.78851
166.50552;82.760144;82.760144
166.59226;82.607728;82.607728
166.5896;82.702652;82.900032
166.67566;82.25552;82.25552
166.70445;83.451104;83.451104
143.39781;0;0
31.559484;0;0
28.362718;0;0
27.104136;0;0
