FULL;PG1;PG2
32.050748;0;0
164.53632;82.36528;0
168.49968;83.455032;83.455032
168.62581;83.714936;83.714936
167.93152;83.567816;83.567816
168.87816;83.93944;83.93944
169.08811;84.143368;83.742684
168.826;84.112592;83.91232400000001
169.04006;82.925312;83.52333200000001
169.16011;84.980912;84.379628
169.02502;83.015824;83.614498
168.65486;84.827592;84.227394
168.8101;83.204976;83.805012
168.67725;0;85.768088
112.825704;0;0
29.790024;0;0
27.03163;0;0
28.64344;0;0
