FULL;PG1;PG2
31.252722;0;0
161.38267;0;0
166.07536;82.644136;82.644136
165.84818;82.335968;82.335968
165.99317;82.505472;82.505472
165.8739;82.6418;82.051502
166.497;82.65668000000001;82.853952
166.33184;82.08584;82.478592
166.50939;83.353456;82.958416
166.23574;82.133058;82.723944
166.72456;82.57584;82.379232
166.59061;82.99888;82.99888
166.50128;82.85608;82.85608
166.24536;0;21.23572
59.734596;0;0
28.443312;0;0
27.570214;0;0
28.04906;0;0
