FULL;PG1;PG2
31.39901;0;0
158.14824;0;0
161.3787;80.211896;80.211896
161.42451;80.045208;80.045208
161.45778;80.4416;80.4416
161.42424;80.3296;80.3296
161.33224;79.999456;79.999456
161.48123;80.262856;80.262856
161.3487;80.292008;79.909668
161.46637;80.160608;79.778888
161.3558;80.295544;80.67790400000001
161.55144;80.392896;80.010072
161.53578;79.33752;80.100384
160.6257;41.326024;81.87232
117.15931;0;0
29.329712;0;0
27.819902;0;0
27.807324;0;0
