FULL;PG1;PG2
32.02238;0;0
189.85296;0;0.299452
193.81878;64.504356;128.85585799999998
193.97234;64.196702;128.546985
194.21949;64.586052;128.71077300000002
193.94354;64.494288;128.988576
193.63944;64.139244;128.278488
194.35483;64.631056;129.262112
194.30661;64.615024;129.230048
194.67157;64.428116;129.1645
194.4706;64.772366;129.23775400000002
195.32931;64.594662;129.49839
195.47942;64.746746;129.648389
194.6711;66.250974;0
133.63243;0;0
31.138824;0;0
28.465876;0;0
28.7543;0;0
