FULL;PG1;PG2
30.356944;0;0
159.4681;78.703408;19.675852
162.3959;80.81312;80.81312
162.45038;80.458912;80.458912
162.5641;80.992784;80.992784
162.44763;80.93476;80.93476
162.69187;80.8646;80.28699800000001
162.09118;80.757168;80.56488999999999
162.5271;80.496912;80.68857200000001
162.4346;80.928256;80.735572
162.58867;80.233552;81.005024
162.475;80.471112;80.471112
162.50778;80.964728;80.964728
162.19326;81.58224;20.39556
129.34081;0;0
28.46092;0;0
26.416056;0;0
25.944004;0;0
