FULL;PG1;PG2
31.525404;0;0
161.86859;0;0
167.854;83.135232;83.135232
166.64131;82.925776;82.925776
167.1724;83.288736;82.693824
167.98482;83.594336;83.395302
168.06779;83.24112;83.439314
168.11768;83.660448;83.461256
168.08949;83.745648;83.745648
168.10947;83.15735600000001;83.755616
168.18605;83.003478;83.201576
168.24421;84.02231400000001;83.822736
168.18842;83.595426;83.794936
168.41813;83.71196;83.51312
147.02784;101.99448;0
43.574028;0;0
28.86244;0;0
28.500496;0;0
