FULL;PG1;PG2
32.753136;0;0
168.45254;83.129832;83.329184
171.5148;85.24875800000001;85.452216
171.46766;85.025288;84.822846
170.65952;85.026096;85.228538
171.10046;85.144784;84.942056
172.12286;85.653552;85.653552
171.4881;85.438904;85.235478
171.59454;84.987864;84.987864
171.48501;85.437376;85.437376
172.009;84.884906;85.088468
171.3832;84.881276;84.881276
171.18882;85.39158;85.39158
165.6276;90.361938;0
127.66933;0;0
30.559842;0;0
28.148494;0;0
27.209998;0;0
