FULL;PG1;PG2
31.420716;0;0
165.45067;82.725328;0
170.67643;84.632944;85.035956
169.99262;84.593488;84.190664
169.96213;84.578304;84.17555200000001
170.60576;84.498128;84.498128
170.50299;84.847456;84.847456
170.66531;85.028976;85.028976
170.62067;84.097392;84.906016
170.59726;85.399344;84.59368
170.6586;84.11608;84.924888
170.61472;84.903056;84.903056
170.90838;84.648016;84.244932
170.6045;84.99868;85.403436
132.0775;0;0
29.57897;0;0
27.869292;0;0
27.997784;0;0
