FULL;PG1;PG2
32.22115;0;0
166.6608;82.544256;82.544256
169.74563;84.470576;84.470576
169.7144;84.555216;84.555216
170.01603;84.605136;84.00081
170.35632;84.273078;84.273078
170.10794;84.95307;84.95307
170.17672;84.383488;84.383488
170.6055;84.69918799999999;84.69918799999999
170.48427;84.63614799999999;84.63614799999999
170.44074;84.310536;84.917088
170.60014;84.996512;84.996512
170.62694;84.508624;84.508624
170.52058;85.770832;21.442708
76.01952;0;0
28.284024;0;0
28.009762;0;0
28.80888;0;0
