FULL;PG1;PG2
30.06412;0;0
162.96016;81.48008;81.28791000000001
166.06394;82.345752;82.541814
165.77074;82.5904;82.39375600000001
166.16088;81.61258600000001;82.199728
166.24402;83.31898;82.728064
166.3031;82.26381799999999;82.85564
166.24214;82.336912;82.336912
166.49621;82.853568;82.853568
166.4791;82.943328;82.943328
166.52726;82.769778;82.374694
166.45274;82.63750399999999;83.03008
166.74611;82.780352;82.385216
166.0823;42.170116;42.170116
48.712024;0;0
28.138936;0;0
26.878994;0;0
