FULL;PG1;PG2
30.263248;0;0
166.59646;0;0
170.38003;84.0784;84.482624
170.73443;84.962624;84.962624
170.89029;85.040192;84.63523599999999
170.96635;84.676736;85.07995600000001
171.81104;85.5998;85.19218000000001
171.37123;85.27952;85.27952
171.10606;84.845976;84.845976
171.31565;85.251864;85.251864
171.98702;85.687488;85.687488
171.60618;84.583136;84.989784
171.21954;85.204032;85.204032
171.3379;64.02306;84.957584
130.76761;0;0
29.593256;0;0
27.56683;0;0
28.102338;0;0
