FULL;PG1;PG2
31.29326;0;0
165.37701;81.41937;82.00512
168.9109;84.455448;83.852196
168.087;83.25064;83.25064
168.96147;84.180088;84.180088
169.17765;84.18698;84.18698
168.9311;83.46477;84.065232
169.39926;84.498448;83.89488399999999
169.12966;83.767056;83.767056
169.38346;84.290344;84.290344
169.00075;84.199664;84.199664
169.14718;83.775728;83.775728
169.40667;84.401896;84.401896
169.14795;84.173152;84.173152
154.76544;0;0
29.81256;0;0
29.412458;0;0
28.030122;0;0
