FULL;PG1;PG2
29.869684;0;0
162.03014;80.156248;80.919648
166.22573;82.523408;82.523408
165.73978;82.477136;82.477136
165.9167;82.272736;82.272736
166.47872;82.844856;82.844856
166.52915;82.869952;82.869952
165.92195;82.665744;82.272096
166.71318;82.961536;82.56648
165.85333;81.747608;82.533648
166.67008;83.33504;82.548864
167.113;82.36848;83.160488
167.23302;83.715232;82.925472
166.16854;63.071274;42.451816
78.62934;0;0
28.993356;0;0
26.512648;0;0
26.611404;0;0
