FULL;PG1;PG2
29.862024;0;0
156.99734;77.577324;77.76159200000001
159.77318;79.602288;79.602288
160.81933;79.65108;79.65108
160.77419;80.101016;80.101016
160.71066;79.974496;79.78408
160.39955;79.347588;79.536964
160.67909;80.054312;79.86416
161.28626;80.16481999999999;80.16481999999999
160.4097;79.637362;79.637362
161.13506;80.08967;80.08967
161.1449;79.523568;79.714272
161.17242;80.491058;80.300772
160.0626;60.532758;40.355172
64.49408;0;0
25.190248;0;0
25.00134;0;0
24.993088;0;0
