FULL;PG1;PG2
31.59844;0;0
162.52312;80.494944;80.494944
164.73384;82.268976;82.268976
164.511;81.575712;81.575712
165.20302;81.822256;81.822256
164.59621;82.005232;82.005232
164.9197;82.06904;82.06904
164.88171;81.663104;81.079796
165.15808;82.187664;82.774722
165.02283;82.217776;81.630508
165.0999;81.376256;81.963104
165.07226;81.757488;81.757488
165.14101;82.179168;82.179168
164.04246;83.512528;41.756264
93.91162;0;0
28.610728;0;0
28.179762;0;0
27.950736;0;0
