FULL;PG1;PG2
30.98665;0;0
172.79709;0;0
175.224;87.09481199999999;86.887936
175.56483;87.158368;87.366384
175.3317;87.250368;87.250368
175.36912;86.857344;86.857344
175.46787;87.421712;87.421712
175.485;87.326648;87.118728
175.38275;86.966648;87.17371200000001
175.60674;87.387232;87.179168
175.39776;87.283248;86.86760799999999
175.48298;87.016352;87.430712
175.4846;87.326464;86.910624
168.59672;93.366308;0
98.25674;0;0
29.350044;0;0
28.304136;0;0
27.755886;0;0
