FULL;PG1;PG2
31.238176;0;0
157.7553;0;0
162.41754;80.823888;80.63145
162.5295;80.78275199999999;80.589952
162.66546;80.369068;80.754532
162.68243;80.955712;80.955712
162.79274;81.010592;81.010592
162.63597;80.645928;80.453914
162.90277;81.16152;81.354762
162.71286;80.77944;80.587108
162.79208;80.628144;80.82011600000001
162.90021;80.87244;80.67988600000001
162.79115;81.009816;81.202696
162.15973;81.957984;40.978992
116.48288;0;0
29.444488;0;0
27.544532;0;0
27.418364;0;0
