FULL;PG1;PG2
31.417376;0;0
167.30982;0;0
171.0322;84.80599199999999;85.21176
172.01091;85.19408;84.788396
172.09224;85.638312;86.046116
172.0951;85.639744;85.23193599999999
172.41923;85.497136;85.497136
172.73258;85.956968;85.956968
172.24107;85.712384;85.712384
172.85454;85.508914;85.712992
173.56072;86.57471400000001;86.369072
172.69552;85.630756;86.040472
173.31878;85.738572;85.533944
172.30653;87.715888;44.170472
87.11872;0;0
27.965614;0;0
28.060744;0;0
28.664516;0;0
