FULL;PG1;PG2
30.89389;0;0
160.75603;0;0
165.14347;81.889328;81.889328
165.04126;82.22696;82.22696
165.26048;82.238624;82.04282
165.3742;81.90704;81.517008
165.73258;82.571392;82.96458799999999
165.77984;82.300652;82.104232
165.90683;82.26459600000001;82.461402
166.05213;82.338272;82.534784
166.04544;82.629248;82.629248
165.86435;82.246784;82.05096
166.39216;82.801784;82.99893
164.55995;63.369659999999996;42.045268
64.462508;0;0
28.216364;0;0
40.036532;0;0
30.835794;0;0
