FULL;PG1;PG2
14.375398;0;0
34.86757;0;0
36.411916;35.371576;0
36.362356;35.33323;0
36.36782;35.6751;0
36.38957;35.359676;0
36.37709;35.347548;0
36.369456;34.997024;0
36.354868;35.66239;0
36.34459;35.652316;0
36.35275;34.980948;0
36.35492;35.32601;0
36.332284;35.64024;0
36.34275;35.314184;0
36.29474;35.94575;0
36.33017;34.632496;0
36.300748;35.27337;0
36.28101;35.58994;0
36.303724;34.933772;0
36.286884;35.259896;0
36.275;35.584044;0
35.89876;0;0
14.415361;0;0
14.055297;0;0
14.021959;0;0
